{
    "prepare_queue": {
        "installed": [],
        "uninstalled": []
    },
    "config_munge": {
        "files": {}
    },
    "installed_plugins": {
        "ionic-plugin-keyboard": {
            "PACKAGE_NAME": "V2 Test"
        },
        "cordova-plugin-whitelist": {
            "PACKAGE_NAME": "V2 Test"
        },
        "cordova-plugin-console": {
            "PACKAGE_NAME": "V2 Test"
        },
        "cordova-plugin-statusbar": {
            "PACKAGE_NAME": "V2 Test"
        },
        "cordova-plugin-device": {
            "PACKAGE_NAME": "V2 Test"
        },
        "cordova-plugin-splashscreen": {
            "PACKAGE_NAME": "V2 Test"
        }
    },
    "dependent_plugins": {},
    "modules": [
        {
            "id": "ionic-plugin-keyboard.KeyboardProxy",
            "file": "plugins/ionic-plugin-keyboard/src/windows/KeyboardProxy.js",
            "pluginId": "ionic-plugin-keyboard",
            "clobbers": [
                "cordova.plugins.Keyboard"
            ],
            "runs": true
        },
        {
            "id": "cordova-plugin-console.logger",
            "file": "plugins/cordova-plugin-console/www/logger.js",
            "pluginId": "cordova-plugin-console",
            "clobbers": [
                "cordova.logger"
            ]
        },
        {
            "id": "cordova-plugin-console.console",
            "file": "plugins/cordova-plugin-console/www/console-via-logger.js",
            "pluginId": "cordova-plugin-console",
            "clobbers": [
                "console"
            ]
        },
        {
            "id": "cordova-plugin-statusbar.statusbar",
            "file": "plugins/cordova-plugin-statusbar/www/statusbar.js",
            "pluginId": "cordova-plugin-statusbar",
            "clobbers": [
                "window.StatusBar"
            ]
        },
        {
            "id": "cordova-plugin-statusbar.StatusBarProxy",
            "file": "plugins/cordova-plugin-statusbar/src/windows/StatusBarProxy.js",
            "pluginId": "cordova-plugin-statusbar",
            "runs": true
        },
        {
            "id": "cordova-plugin-device.device",
            "file": "plugins/cordova-plugin-device/www/device.js",
            "pluginId": "cordova-plugin-device",
            "clobbers": [
                "device"
            ]
        },
        {
            "id": "cordova-plugin-device.DeviceProxy",
            "file": "plugins/cordova-plugin-device/src/windows/DeviceProxy.js",
            "pluginId": "cordova-plugin-device",
            "merges": [
                ""
            ]
        },
        {
            "id": "cordova-plugin-splashscreen.SplashScreen",
            "file": "plugins/cordova-plugin-splashscreen/www/splashscreen.js",
            "pluginId": "cordova-plugin-splashscreen",
            "clobbers": [
                "navigator.splashscreen"
            ]
        },
        {
            "id": "cordova-plugin-splashscreen.SplashScreenProxy",
            "file": "plugins/cordova-plugin-splashscreen/www/windows/SplashScreenProxy.js",
            "pluginId": "cordova-plugin-splashscreen",
            "merges": [
                ""
            ]
        }
    ],
    "plugin_metadata": {
        "ionic-plugin-keyboard": "2.2.1",
        "cordova-plugin-whitelist": "1.3.1",
        "cordova-plugin-console": "1.0.5",
        "cordova-plugin-statusbar": "2.2.1",
        "cordova-plugin-device": "1.1.4",
        "cordova-plugin-splashscreen": "4.0.1"
    }
}